file_name,temp,variability,sample_day,replicate,cell_density,start_time,cell_volume
Tetraselmis_experiment/data-raw/flowcam-summaries-jun07/10c-1-1_summary,10,c,1,1,891,2017-06-07  19:29:58,794.67
Tetraselmis_experiment/data-raw/flowcam-summaries-jun07/10c-1-2_summary,10,c,1,2,1573,2017-06-07  19:31:28,816.02
Tetraselmis_experiment/data-raw/flowcam-summaries-jun07/10c-1-3_summary,10,c,1,3,422,2017-06-07  19:33:06,651.51
Tetraselmis_experiment/data-raw/flowcam-summaries-jun07/10c-1-4_summary,10,c,1,4,789,2017-06-07  19:34:37,720.14
Tetraselmis_experiment/data-raw/flowcam-summaries-jun07/10c-2-1_summary,10,c,2,1,371,2017-06-07  19:36:12,608.16
Tetraselmis_experiment/data-raw/flowcam-summaries-jun07/10c-2-2_summary,10,c,2,2,401,2017-06-07  19:37:49,401.83
Tetraselmis_experiment/data-raw/flowcam-summaries-jun07/10c-2-3_summary,10,c,2,3,547,2017-06-07  19:39:26,997.16
Tetraselmis_experiment/data-raw/flowcam-summaries-jun07/10c-2-4_summary,10,c,2,4,1103,2017-06-07  19:41:02,834.05
Tetraselmis_experiment/data-raw/flowcam-summaries-jun07/10c-3-1_summary,10,c,3,1,460,2017-06-07  19:42:40,636.90
Tetraselmis_experiment/data-raw/flowcam-summaries-jun07/10c-3-2_summary,10,c,3,2,885,2017-06-07  19:44:08,780.60
Tetraselmis_experiment/data-raw/flowcam-summaries-jun07/10c-3-3_summary,10,c,3,3,1296,2017-06-07  16:22:13,1036.02
Tetraselmis_experiment/data-raw/flowcam-summaries-jun07/10c-3-4_summary,10,c,3,4,1398,2017-06-07  16:24:01,1316.93
Tetraselmis_experiment/data-raw/flowcam-summaries-jun07/10c-4-2_summary,10,c,4,2,1183,2017-06-07  16:29:26,1449.18
Tetraselmis_experiment/data-raw/flowcam-summaries-jun07/10c-4-3_summary,10,c,4,3,1288,2017-06-07  16:31:14,1000.98
Tetraselmis_experiment/data-raw/flowcam-summaries-jun07/10c-4-4_summary,10,c,4,4,639,2017-06-07  16:33:20,833.33
Tetraselmis_experiment/data-raw/flowcam-summaries-jun07/10c-5-1_summary,10,c,5,1,753,2017-06-07  16:35:18,844.44
Tetraselmis_experiment/data-raw/flowcam-summaries-jun07/10c-5-3_summary,10,c,5,3,1183,2017-06-07  16:39:14,916.38
Tetraselmis_experiment/data-raw/flowcam-summaries-jun07/10v-1-1_summary,10,v,1,1,1291,2017-06-07  17:44:43,834.79
Tetraselmis_experiment/data-raw/flowcam-summaries-jun07/10v-1-2_summary,10,v,1,2,604,2017-06-07  17:46:08,718.04
Tetraselmis_experiment/data-raw/flowcam-summaries-jun07/10v-1-3_summary,10,v,1,3,861,2017-06-07  17:47:18,800.13
Tetraselmis_experiment/data-raw/flowcam-summaries-jun07/10v-1-4_summary,10,v,1,4,966,2017-06-07  17:48:37,660.37
Tetraselmis_experiment/data-raw/flowcam-summaries-jun07/10v-2-1_summary,10,v,2,1,791,2017-06-07  17:49:55,884.77
Tetraselmis_experiment/data-raw/flowcam-summaries-jun07/10v-2-2_summary,10,v,2,2,586,2017-06-07  17:51:10,708.88
Tetraselmis_experiment/data-raw/flowcam-summaries-jun07/10v-2-4_summary,10,v,2,4,358,2017-06-07  17:55:49,596.74
Tetraselmis_experiment/data-raw/flowcam-summaries-jun07/10v-3-1_summary,10,v,3,1,967,2017-06-07  17:56:57,916.52
Tetraselmis_experiment/data-raw/flowcam-summaries-jun07/10v-3-2_summary,10,v,3,2,861,2017-06-07  17:58:03,758.50
Tetraselmis_experiment/data-raw/flowcam-summaries-jun07/10v-3-3_summary,10,v,3,3,711,2017-06-07  18:19:16,863.87
Tetraselmis_experiment/data-raw/flowcam-summaries-jun07/10v-3-4-r2_summary,10,v,3,4,847,2017-06-07  18:55:32,620.08
Tetraselmis_experiment/data-raw/flowcam-summaries-jun07/10v-4-1_summary,10,v,4,1,729,2017-06-07  18:42:44,850.55
Tetraselmis_experiment/data-raw/flowcam-summaries-jun07/10v-4-2_summary,10,v,4,2,916,2017-06-07  18:39:16,823.19
Tetraselmis_experiment/data-raw/flowcam-summaries-jun07/10v-4-3_summary,10,v,4,3,1539,2017-06-07  18:41:04,863.65
Tetraselmis_experiment/data-raw/flowcam-summaries-jun07/10v-4-4_summary,10,v,4,4,1751,2017-06-07  18:45:53,764.60
Tetraselmis_experiment/data-raw/flowcam-summaries-jun07/10v-5-1_summary,10,v,5,1,626,2017-06-07  18:47:18,777.99
Tetraselmis_experiment/data-raw/flowcam-summaries-jun07/10v-5-2_summary,10,v,5,2,1018,2017-06-07  18:51:35,793.66
Tetraselmis_experiment/data-raw/flowcam-summaries-jun07/10v-5-3_summary,10,v,5,3,535,2017-06-07  18:52:55,739.74
Tetraselmis_experiment/data-raw/flowcam-summaries-jun07/10v-5-4_summary,10,v,5,4,729,2017-06-07  18:54:16,804.82
Tetraselmis_experiment/data-raw/flowcam-summaries-jun07/16c-1-1_summary,16,c,1,1,268,2017-06-07  15:03:17,364.27
Tetraselmis_experiment/data-raw/flowcam-summaries-jun07/16c-1-2_summary,16,c,1,2,108,2017-06-07  15:04:43,116.70
Tetraselmis_experiment/data-raw/flowcam-summaries-jun07/16c-1-3_summary,16,c,1,3,377,2017-06-07  15:06:09,526.14
Tetraselmis_experiment/data-raw/flowcam-summaries-jun07/16c-1-4_summary,16,c,1,4,471,2017-06-07  15:08:21,945.37
Tetraselmis_experiment/data-raw/flowcam-summaries-jun07/16c-2-1_summary,16,c,2,1,430,2017-06-07  15:10:05,839.73
Tetraselmis_experiment/data-raw/flowcam-summaries-jun07/16c-2-2_summary,16,c,2,2,376,2017-06-07  15:11:42,845.13
Tetraselmis_experiment/data-raw/flowcam-summaries-jun07/16c-2-4_summary,16,c,2,4,323,2017-06-07  15:18:45,923.27
Tetraselmis_experiment/data-raw/flowcam-summaries-jun07/16c-3-1_summary,16,c,3,1,538,2017-06-07  15:20:09,921.65
Tetraselmis_experiment/data-raw/flowcam-summaries-jun07/16c-3-2_summary,16,c,3,2,698,2017-06-07  15:21:28,787.18
Tetraselmis_experiment/data-raw/flowcam-summaries-jun07/16c-3-3_summary,16,c,3,3,604,2017-06-07  14:46:11,1097.73
Tetraselmis_experiment/data-raw/flowcam-summaries-jun07/16c-3-4_summary,16,c,3,4,407,2017-06-07  14:49:24,1082.74
Tetraselmis_experiment/data-raw/flowcam-summaries-jun07/16c-4-1_summary,16,c,4,1,785,2017-06-07  14:51:06,688.95
Tetraselmis_experiment/data-raw/flowcam-summaries-jun07/16c-4-2_summary,16,c,4,2,897,2017-06-07  14:52:29,740.43
Tetraselmis_experiment/data-raw/flowcam-summaries-jun07/16c-4-3_summary,16,c,4,3,377,2017-06-07  14:53:56,661.66
Tetraselmis_experiment/data-raw/flowcam-summaries-jun07/16c-4-4_summary,16,c,4,4,109,2017-06-07  14:55:53,555.61
Tetraselmis_experiment/data-raw/flowcam-summaries-jun07/16c-5-1_summary,16,c,5,1,538,2017-06-07  14:57:09,4908.71
Tetraselmis_experiment/data-raw/flowcam-summaries-jun07/16c-5-2_summary,16,c,5,2,269,2017-06-07  14:58:26,1191.50
Tetraselmis_experiment/data-raw/flowcam-summaries-jun07/16c-5-3_summary,16,c,5,3,161,2017-06-07  14:59:44,182.86
Tetraselmis_experiment/data-raw/flowcam-summaries-jun07/16c-5-4_summary,16,c,5,4,377,2017-06-07  15:01:03,765.31
Tetraselmis_experiment/data-raw/flowcam-summaries-jun07/20c-1-1_summary,20,c,1,1,323,2017-06-07  15:57:41,986.14
Tetraselmis_experiment/data-raw/flowcam-summaries-jun07/20c-1-2_summary,20,c,1,2,377,2017-06-07  15:58:56,1102.13
Tetraselmis_experiment/data-raw/flowcam-summaries-jun07/20c-1-3_summary,20,c,1,3,1170,2017-06-07  16:00:37,1003.89
Tetraselmis_experiment/data-raw/flowcam-summaries-jun07/20c-1-4_summary,20,c,1,4,916,2017-06-07  16:02:43,1081.29
Tetraselmis_experiment/data-raw/flowcam-summaries-jun07/20c-2-1_summary,20,c,2,1,592,2017-06-07  16:04:17,797.75
Tetraselmis_experiment/data-raw/flowcam-summaries-jun07/20c-2-2_summary,20,c,2,2,592,2017-06-07  16:05:47,766.50
Tetraselmis_experiment/data-raw/flowcam-summaries-jun07/20c-2-3_summary,20,c,2,3,645,2017-06-07  16:07:05,1169.15
Tetraselmis_experiment/data-raw/flowcam-summaries-jun07/20c-2-4_summary,20,c,2,4,1332,2017-06-07  16:08:24,985.65
Tetraselmis_experiment/data-raw/flowcam-summaries-jun07/20c-3-1_summary,20,c,3,1,717,2017-06-07  16:10:55,375.55
Tetraselmis_experiment/data-raw/flowcam-summaries-jun07/20c-3-2_summary,20,c,3,2,958,2017-06-07  16:13:11,784.73
Tetraselmis_experiment/data-raw/flowcam-summaries-jun07/20c-3-4_summary,20,c,3,4,430,2017-06-07  15:41:35,817.21
Tetraselmis_experiment/data-raw/flowcam-summaries-jun07/20c-4-1_summary,20,c,4,1,410,2017-06-07  15:43:34,852.47
Tetraselmis_experiment/data-raw/flowcam-summaries-jun07/20c-4-2_summary,20,c,4,2,289,2017-06-07  15:47:10,1403.29
Tetraselmis_experiment/data-raw/flowcam-summaries-jun07/20c-4-3_summary,20,c,4,3,644,2017-06-07  15:48:08,822.74
Tetraselmis_experiment/data-raw/flowcam-summaries-jun07/20c-4-4_summary,20,c,4,4,861,2017-06-07  15:49:54,915.39
Tetraselmis_experiment/data-raw/flowcam-summaries-jun07/20c-5-1_summary,20,c,5,1,1721,2017-06-07  15:51:12,1136.09
Tetraselmis_experiment/data-raw/flowcam-summaries-jun07/20c-5-2_summary,20,c,5,2,592,2017-06-07  15:53:04,1334.88
Tetraselmis_experiment/data-raw/flowcam-summaries-jun07/20c-5-3_summary,20,c,5,3,592,2017-06-07  15:54:34,868.14
Tetraselmis_experiment/data-raw/flowcam-summaries-jun07/20c-5-4_summary,20,c,5,4,1291,2017-06-07  15:55:56,866.94
Tetraselmis_experiment/data-raw/flowcam-summaries-jun07/20v-1-1_summary,20,v,1,1,820,2017-06-07  20:51:46,724.82
Tetraselmis_experiment/data-raw/flowcam-summaries-jun07/20v-1-2_summary,20,v,1,2,404,2017-06-07  20:53:36,683.68
Tetraselmis_experiment/data-raw/flowcam-summaries-jun07/20v-1-3_summary,20,v,1,3,308,2017-06-07  20:55:09,567.70
Tetraselmis_experiment/data-raw/flowcam-summaries-jun07/20v-2-1_summary,20,v,2,1,707,2017-06-07  20:58:42,706.93
Tetraselmis_experiment/data-raw/flowcam-summaries-jun07/20v-2-2_summary,20,v,2,2,980,2017-06-07  21:00:20,789.92
Tetraselmis_experiment/data-raw/flowcam-summaries-jun07/20v-2-3_summary,20,v,2,3,104,2017-06-07  21:01:58,479.53
Tetraselmis_experiment/data-raw/flowcam-summaries-jun07/20v-2-4_summary,20,v,2,4,195,2017-06-07  21:03:31,588.87
Tetraselmis_experiment/data-raw/flowcam-summaries-jun07/20v-3-1_summary,20,v,3,1,299,2017-06-07  21:05:06,471.70
Tetraselmis_experiment/data-raw/flowcam-summaries-jun07/20v-3-2_summary,20,v,3,2,606,2017-06-07  21:06:44,843.33
Tetraselmis_experiment/data-raw/flowcam-summaries-jun07/20v-3-3_summary,20,v,3,3,292,2017-06-07  20:01:40,536.36
Tetraselmis_experiment/data-raw/flowcam-summaries-jun07/20v-3-4_summary,20,v,3,4,588,2017-06-07  20:03:20,738.86
Tetraselmis_experiment/data-raw/flowcam-summaries-jun07/20v-4-1_summary,20,v,4,1,588,2017-06-07  20:04:57,527.16
Tetraselmis_experiment/data-raw/flowcam-summaries-jun07/20v-4-2_summary,20,v,4,2,801,2017-06-07  20:06:34,588.09
Tetraselmis_experiment/data-raw/flowcam-summaries-jun07/20v-4-3_summary,20,v,4,3,389,2017-06-07  20:08:07,742.71
Tetraselmis_experiment/data-raw/flowcam-summaries-jun07/20v-4-4_summary,20,v,4,4,501,2017-06-07  20:09:54,543.08
Tetraselmis_experiment/data-raw/flowcam-summaries-jun07/20v-5-1_summary,20,v,5,1,681,2017-06-07  20:11:30,771.67
Tetraselmis_experiment/data-raw/flowcam-summaries-jun07/20v-5-2_summary,20,v,5,2,596,2017-06-07  20:13:08,587.62
Tetraselmis_experiment/data-raw/flowcam-summaries-jun07/20v-5-3_summary,20,v,5,3,482,2017-06-07  20:14:45,728.24
Tetraselmis_experiment/data-raw/flowcam-summaries-jun07/20v-5-4_summary,20,v,5,4,568,2017-06-07  20:16:27,673.15
Tetraselmis_experiment/data-raw/flowcam-summaries-jun07/24c-1-1_summary,24,c,1,1,1013,2017-06-07  17:28:07,1381.09
Tetraselmis_experiment/data-raw/flowcam-summaries-jun07/24c-1-2_summary,24,c,1,2,1076,2017-06-07  17:29:23,1035.97
Tetraselmis_experiment/data-raw/flowcam-summaries-jun07/24c-1-3_summary,24,c,1,3,698,2017-06-07  17:32:00,1150.26
Tetraselmis_experiment/data-raw/flowcam-summaries-jun07/24c-1-4_summary,24,c,1,4,914,2017-06-07  17:33:22,1089.32
Tetraselmis_experiment/data-raw/flowcam-summaries-jun07/24c-2-1_summary,24,c,2,1,746,2017-06-07  17:34:40,802.35
Tetraselmis_experiment/data-raw/flowcam-summaries-jun07/24c-2-2_summary,24,c,2,2,713,2017-06-07  17:36:38,1342.94
Tetraselmis_experiment/data-raw/flowcam-summaries-jun07/24c-2-3_summary,24,c,2,3,861,2017-06-07  17:37:56,1051.89
Tetraselmis_experiment/data-raw/flowcam-summaries-jun07/24c-2-4_summary,24,c,2,4,698,2017-06-07  17:39:20,1000.16
Tetraselmis_experiment/data-raw/flowcam-summaries-jun07/24c-3-1_summary,24,c,3,1,968,2017-06-07  17:41:04,1029.55
Tetraselmis_experiment/data-raw/flowcam-summaries-jun07/24c-3-3_summary,24,c,3,3,575,2017-06-07  18:57:53,748.48
Tetraselmis_experiment/data-raw/flowcam-summaries-jun07/24c-3-4_summary,24,c,3,4,879,2017-06-07  18:59:23,662.03
Tetraselmis_experiment/data-raw/flowcam-summaries-jun07/24c-4-1_summary,24,c,4,1,451,2017-06-07  19:01:04,793.66
Tetraselmis_experiment/data-raw/flowcam-summaries-jun07/24c-4-2_summary,24,c,4,2,469,2017-06-07  19:02:54,932.46
Tetraselmis_experiment/data-raw/flowcam-summaries-jun07/24c-4-3_summary,24,c,4,3,350,2017-06-07  19:04:41,772.73
Tetraselmis_experiment/data-raw/flowcam-summaries-jun07/24c-5-1_summary,24,c,5,1,937,2017-06-07  19:08:41,728.05
Tetraselmis_experiment/data-raw/flowcam-summaries-jun07/24c-5-2_summary,24,c,5,2,343,2017-06-07  19:10:30,756.56
Tetraselmis_experiment/data-raw/flowcam-summaries-jun07/24c-5-3_summary,24,c,5,3,616,2017-06-07  19:12:15,1020.97
Tetraselmis_experiment/data-raw/flowcam-summaries-jun07/24c-5-4_summary,24,c,5,4,971,2017-06-07  19:13:54,738.30
Tetraselmis_experiment/data-raw/flowcam-summaries-jun07/27c-1-1_summary,27,c,1,1,400,2017-06-07  18:00:01,1162.82
Tetraselmis_experiment/data-raw/flowcam-summaries-jun07/27c-1-2_summary,27,c,1,2,991,2017-06-07  18:01:54,965.92
Tetraselmis_experiment/data-raw/flowcam-summaries-jun07/27c-1-3_summary,27,c,1,3,323,2017-06-07  18:03:07,912.26
Tetraselmis_experiment/data-raw/flowcam-summaries-jun07/27c-1-4_summary,27,c,1,4,550,2017-06-07  18:06:44,854.57
Tetraselmis_experiment/data-raw/flowcam-summaries-jun07/27c-2-2_summary,27,c,2,2,269,2017-06-07  18:09:58,669.17
Tetraselmis_experiment/data-raw/flowcam-summaries-jun07/27c-2-3_summary,27,c,2,3,377,2017-06-07  18:11:13,812.57
Tetraselmis_experiment/data-raw/flowcam-summaries-jun07/27c-2-4_summary,27,c,2,4,907,2017-06-07  18:12:55,999.13
Tetraselmis_experiment/data-raw/flowcam-summaries-jun07/27c-3-1_summary,27,c,3,1,430,2017-06-07  18:16:20,994.98
Tetraselmis_experiment/data-raw/flowcam-summaries-jun07/27c-3-2_summary,27,c,3,2,807,2017-06-07  18:17:38,962.99
Tetraselmis_experiment/data-raw/flowcam-summaries-jun07/27c-3-3_summary,27,c,3,3,592,2017-06-07  15:22:48,804.08
Tetraselmis_experiment/data-raw/flowcam-summaries-jun07/27c-3-4_summary,27,c,3,4,592,2017-06-07  15:24:21,769.90
Tetraselmis_experiment/data-raw/flowcam-summaries-jun07/27c-4-1_summary,27,c,4,1,592,2017-06-07  15:25:49,806.83
Tetraselmis_experiment/data-raw/flowcam-summaries-jun07/27c-4-2_summary,27,c,4,2,699,2017-06-07  15:27:30,1018.53
Tetraselmis_experiment/data-raw/flowcam-summaries-jun07/27c-4-3_summary,27,c,4,3,645,2017-06-07  15:29:03,673.95
Tetraselmis_experiment/data-raw/flowcam-summaries-jun07/27c-4-4_summary,27,c,4,4,1667,2017-06-07  15:30:53,1008.06
Tetraselmis_experiment/data-raw/flowcam-summaries-jun07/27c-5-1_summary,27,c,5,1,7853,2017-06-07  15:32:42,1643.11
Tetraselmis_experiment/data-raw/flowcam-summaries-jun07/27c-5-2_summary,27,c,5,2,914,2017-06-07  15:35:10,864.07
Tetraselmis_experiment/data-raw/flowcam-summaries-jun07/27c-5-3_summary,27,c,5,3,1076,2017-06-07  15:36:28,974.83
Tetraselmis_experiment/data-raw/flowcam-summaries-jun07/27c-5-4_summary,27,c,5,4,699,2017-06-07  15:37:48,761.56
Tetraselmis_experiment/data-raw/flowcam-summaries-jun07/27v-1-2_summary,27,v,1,2,807,2017-06-07  16:49:39,878.63
Tetraselmis_experiment/data-raw/flowcam-summaries-jun07/27v-1-3_summary,27,v,1,3,485,2017-06-07  16:51:19,864.71
Tetraselmis_experiment/data-raw/flowcam-summaries-jun07/27v-2-1_summary,27,v,2,1,1455,2017-06-07  16:57:47,1198.87
Tetraselmis_experiment/data-raw/flowcam-summaries-jun07/27v-2-2_summary,27,v,2,2,861,2017-06-07  16:59:44,1132.70
Tetraselmis_experiment/data-raw/flowcam-summaries-jun07/27v-2-3_summary,27,v,2,3,913,2017-06-07  17:02:02,1296.38
Tetraselmis_experiment/data-raw/flowcam-summaries-jun07/27v-2-4_summary,27,v,2,4,698,2017-06-07  17:03:40,964.86
Tetraselmis_experiment/data-raw/flowcam-summaries-jun07/27v-3-3_summary,27,v,3,3,523,2017-06-07  20:18:04,662.10
Tetraselmis_experiment/data-raw/flowcam-summaries-jun07/27v-3-4_summary,27,v,3,4,814,2017-06-07  20:19:51,783.80
Tetraselmis_experiment/data-raw/flowcam-summaries-jun07/27v-4-1_summary,27,v,4,1,353,2017-06-07  20:21:27,845.53
Tetraselmis_experiment/data-raw/flowcam-summaries-jun07/27v-4-2_summary,27,v,4,2,575,2017-06-07  20:23:02,777.17
Tetraselmis_experiment/data-raw/flowcam-summaries-jun07/27v-4-3_summary,27,v,4,3,505,2017-06-07  20:24:49,735.30
Tetraselmis_experiment/data-raw/flowcam-summaries-jun07/27v-4-4_summary,27,v,4,4,480,2017-06-07  20:26:25,822.40
Tetraselmis_experiment/data-raw/flowcam-summaries-jun07/27v-5-1_summary,27,v,5,1,1232,2017-06-07  20:28:17,745.16
Tetraselmis_experiment/data-raw/flowcam-summaries-jun07/27v-5-2_summary,27,v,5,2,600,2017-06-07  20:30:34,740.43
Tetraselmis_experiment/data-raw/flowcam-summaries-jun07/27v-5-3_summary,27,v,5,3,294,2017-06-07  20:32:13,554.59
Tetraselmis_experiment/data-raw/flowcam-summaries-jun07/27v-5-4_summary,27,v,5,4,50,2017-06-07  20:33:50,654.10
Tetraselmis_experiment/data-raw/flowcam-summaries-jun07/5c-1-1_summary,5,c,1,1,569,2017-06-07  20:35:26,678.74
Tetraselmis_experiment/data-raw/flowcam-summaries-jun07/5c-1-2_summary,5,c,1,2,136,2017-06-07  20:37:00,550.78
Tetraselmis_experiment/data-raw/flowcam-summaries-jun07/5c-1-3_summary,5,c,1,3,778,2017-06-07  20:38:41,834.93
Tetraselmis_experiment/data-raw/flowcam-summaries-jun07/5c-1-4_summary,5,c,1,4,568,2017-06-07  20:40:17,779.93
Tetraselmis_experiment/data-raw/flowcam-summaries-jun07/5c-2-1_summary,5,c,2,1,247,2017-06-07  20:41:56,632.10
Tetraselmis_experiment/data-raw/flowcam-summaries-jun07/5c-2-2_summary,5,c,2,2,448,2017-06-07  20:43:32,704.69
Tetraselmis_experiment/data-raw/flowcam-summaries-jun07/5c-2-3_summary,5,c,2,3,348,2017-06-07  20:45:13,631.00
Tetraselmis_experiment/data-raw/flowcam-summaries-jun07/5c-2-4_summary,5,c,2,4,852,2017-06-07  20:46:49,673.17
Tetraselmis_experiment/data-raw/flowcam-summaries-jun07/5c-3-1_summary,5,c,3,1,289,2017-06-07  20:48:27,652.01
Tetraselmis_experiment/data-raw/flowcam-summaries-jun07/5c-3-2_summary,5,c,3,2,584,2017-06-07  20:50:09,777.25
Tetraselmis_experiment/data-raw/flowcam-summaries-jun07/5c-3-3_summary,5,c,3,3,1146,2017-06-07  19:15:32,618.54
Tetraselmis_experiment/data-raw/flowcam-summaries-jun07/5c-3-4_summary,5,c,3,4,672,2017-06-07  19:16:53,828.41
Tetraselmis_experiment/data-raw/flowcam-summaries-jun07/5c-4-1_summary,5,c,4,1,365,2017-06-07  19:18:10,738.50
Tetraselmis_experiment/data-raw/flowcam-summaries-jun07/5c-4-2_summary,5,c,4,2,1108,2017-06-07  19:19:27,791.27
Tetraselmis_experiment/data-raw/flowcam-summaries-jun07/5c-4-3_summary,5,c,4,3,952,2017-06-07  19:20:44,838.85
Tetraselmis_experiment/data-raw/flowcam-summaries-jun07/5c-4-4_summary,5,c,4,4,924,2017-06-07  19:22:04,825.97
Tetraselmis_experiment/data-raw/flowcam-summaries-jun07/5c-5-1_summary,5,c,5,1,596,2017-06-07  19:23:26,779.45
Tetraselmis_experiment/data-raw/flowcam-summaries-jun07/5c-5-2_summary,5,c,5,2,729,2017-06-07  19:25:07,779.94
Tetraselmis_experiment/data-raw/flowcam-summaries-jun07/5c-5-3_summary,5,c,5,3,781,2017-06-07  19:26:42,697.61
Tetraselmis_experiment/data-raw/flowcam-summaries-jun07/5c-5-4_summary,5,c,5,4,1038,2017-06-07  19:28:23,656.91
Tetraselmis_experiment/data-raw/flowcam-summaries-jun07/5v-1-1_summary,5,v,1,1,915,2017-06-07  19:45:47,742.96
Tetraselmis_experiment/data-raw/flowcam-summaries-jun07/5v-1-2_summary,5,v,1,2,909,2017-06-07  19:47:24,612.18
Tetraselmis_experiment/data-raw/flowcam-summaries-jun07/5v-1-3_summary,5,v,1,3,300,2017-06-07  19:49:05,828.53
Tetraselmis_experiment/data-raw/flowcam-summaries-jun07/5v-1-4_summary,5,v,1,4,295,2017-06-07  19:50:43,684.23
Tetraselmis_experiment/data-raw/flowcam-summaries-jun07/5v-2-1_summary,5,v,2,1,978,2017-06-07  19:52:22,671.24
Tetraselmis_experiment/data-raw/flowcam-summaries-jun07/5v-2-2_summary,5,v,2,2,314,2017-06-07  19:53:46,513.80
Tetraselmis_experiment/data-raw/flowcam-summaries-jun07/5v-2-3_summary,5,v,2,3,973,2017-06-07  19:55:13,613.91
Tetraselmis_experiment/data-raw/flowcam-summaries-jun07/5v-2-4_summary,5,v,2,4,839,2017-06-07  19:56:52,661.51
Tetraselmis_experiment/data-raw/flowcam-summaries-jun07/5v-3-1_summary,5,v,3,1,717,2017-06-07  19:58:28,736.86
Tetraselmis_experiment/data-raw/flowcam-summaries-jun07/5v-3-2_summary,5,v,3,2,411,2017-06-07  20:00:03,828.37
Tetraselmis_experiment/data-raw/flowcam-summaries-jun07/5v-3-3_summary,5,v,3,3,966,2017-06-07  17:09:44,993.66
Tetraselmis_experiment/data-raw/flowcam-summaries-jun07/5v-4-1_summary,5,v,4,1,1288,2017-06-07  17:13:15,1213.62
Tetraselmis_experiment/data-raw/flowcam-summaries-jun07/5v-4-2_summary,5,v,4,2,698,2017-06-07  17:14:52,726.93
Tetraselmis_experiment/data-raw/flowcam-summaries-jun07/5v-4-3_summary,5,v,4,3,1667,2017-06-07  17:16:32,957.33
Tetraselmis_experiment/data-raw/flowcam-summaries-jun07/5v-4-4_summary,5,v,4,4,322,2017-06-07  17:18:10,939.06
Tetraselmis_experiment/data-raw/flowcam-summaries-jun07/5v-5-1_summary,5,v,5,1,699,2017-06-07  17:21:02,931.76
Tetraselmis_experiment/data-raw/flowcam-summaries-jun07/5v-5-2_summary,5,v,5,2,861,2017-06-07  17:22:27,827.96
Tetraselmis_experiment/data-raw/flowcam-summaries-jun07/5v-5-3_summary,5,v,5,3,592,2017-06-07  17:23:45,805.58
Tetraselmis_experiment/data-raw/flowcam-summaries-jun07/5v-5-4_summary,5,v,5,4,972,2017-06-07  17:25:10,934.44
Tetraselmis_experiment/data-raw/flowcam-summaries-jun07/summary_export_10c-4-1_copy,10,c,4,1,377,2017-06-07  16:25:54,1066.01
Tetraselmis_experiment/data-raw/flowcam-summaries-jun07/summary_export_10c-5-2_copy,10,c,5,2,699,2017-06-07  16:37:09,1097.54
Tetraselmis_experiment/data-raw/flowcam-summaries-jun07/summary_export_10c-5-4_copy,10,c,5,4,913,2017-06-07  16:41:00,1388.77
Tetraselmis_experiment/data-raw/flowcam-summaries-jun07/summary_export_10v-2-3_copy,10,v,2,3,676,2017-06-07  17:52:52,784.03
Tetraselmis_experiment/data-raw/flowcam-summaries-jun07/summary_export_16c-2-3_copy,16,c,2,3,428,2017-06-07  15:16:28,887.88
Tetraselmis_experiment/data-raw/flowcam-summaries-jun07/summary_export_20c-3-3_copy,20,c,3,3,1291,2017-06-07  15:39:44,898.57
Tetraselmis_experiment/data-raw/flowcam-summaries-jun07/summary_export_20v-1-4_copy,20,v,1,4,148,2017-06-07  20:56:46,628.59
Tetraselmis_experiment/data-raw/flowcam-summaries-jun07/summary_export_24c-3-2_copy,24,c,3,2,388,2017-06-07  17:42:59,973.18
Tetraselmis_experiment/data-raw/flowcam-summaries-jun07/summary_export_24c-4-4_copy,24,c,4,4,353,2017-06-07  19:06:29,581.07
Tetraselmis_experiment/data-raw/flowcam-summaries-jun07/summary_export_27c-2-1_copy,27,c,2,1,659,2017-06-07  18:08:02,1184.42
Tetraselmis_experiment/data-raw/flowcam-summaries-jun07/summary_export_27v-1-1_copy,27,v,1,1,465,2017-06-07  16:43:51,1380.80
Tetraselmis_experiment/data-raw/flowcam-summaries-jun07/summary_export_27v-1-4_copy,27,v,1,4,541,2017-06-07  16:55:21,1253.14
Tetraselmis_experiment/data-raw/flowcam-summaries-jun07/summary_export_27v-3-1_copy,27,v,3,1,1288,2017-06-07  17:05:33,1416.79
Tetraselmis_experiment/data-raw/flowcam-summaries-jun07/summary_export_27v-3-2_copy,27,v,3,2,753,2017-06-07  17:07:29,1532.98
Tetraselmis_experiment/data-raw/flowcam-summaries-jun07/summary_export_5v-3-4_copy,5,v,3,4,753,2017-06-07  17:11:19,1154.42
Tetraselmis_experiment/data-raw/flowcam-summaries-jun08/10c-1-1_summary,10,c,1,1,656,2017-06-08  17:10:01,1193.78
Tetraselmis_experiment/data-raw/flowcam-summaries-jun08/16c-1-1_summary,16,c,1,1,680,2017-06-08  16:57:33,1206.93
Tetraselmis_experiment/data-raw/flowcam-summaries-jun08/16c-1-2_summary,16,c,1,2,444,2017-06-08  16:59:11,1166.25
Tetraselmis_experiment/data-raw/flowcam-summaries-jun08/20c-1-1_summary,20,c,1,1,1294,2017-06-08  16:46:36,1184.20
Tetraselmis_experiment/data-raw/flowcam-summaries-jun08/20c-1-4_summary,20,c,1,4,1294,2017-06-08  16:52:26,1073.70
Tetraselmis_experiment/data-raw/flowcam-summaries-jun08/20v-1-2_summary,20,v,1,2,1040,2017-06-08  16:38:13,1101.09
Tetraselmis_experiment/data-raw/flowcam-summaries-jun08/20v-1-4_summary,20,v,1,4,796,2017-06-08  16:43:09,1297.67
Tetraselmis_experiment/data-raw/flowcam-summaries-jun08/24c-1-1_summary,24,c,1,1,2481,2017-06-08  16:15:15,1195.30
Tetraselmis_experiment/data-raw/flowcam-summaries-jun08/24c-1-2_summary,24,c,1,2,2335,2017-06-08  16:17:04,1208.53
Tetraselmis_experiment/data-raw/flowcam-summaries-jun08/27c-1-1_summary,27,c,1,1,1909,2017-06-08  15:53:48,1154.15
Tetraselmis_experiment/data-raw/flowcam-summaries-jun08/27c-1-2_summary,27,c,1,2,3102,2017-06-08  15:55:46,1135.10
Tetraselmis_experiment/data-raw/flowcam-summaries-jun08/27c-1-3_summary,27,c,1,3,1704,2017-06-08  15:57:47,1080.41
Tetraselmis_experiment/data-raw/flowcam-summaries-jun08/27c-1-4_summary,27,c,1,4,2151,2017-06-08  15:59:45,1327.69
Tetraselmis_experiment/data-raw/flowcam-summaries-jun08/27v-1-3_summary,27,v,1,3,1153,2017-06-08  16:09:03,1296.76
Tetraselmis_experiment/data-raw/flowcam-summaries-jun08/5c-1-3_summary,5,c,1,3,325,2017-06-08  17:41:42,991.29
Tetraselmis_experiment/data-raw/flowcam-summaries-jun08/5c-1-4_summary,5,c,1,4,496,2017-06-08  17:43:38,791.88
Tetraselmis_experiment/data-raw/flowcam-summaries-jun08/5v-1-1_summary,5,v,1,1,243,2017-06-08  17:48:49,882.73
Tetraselmis_experiment/data-raw/flowcam-summaries-jun08/5v-1-2_summary,5,v,1,2,538,2017-06-08  17:50:26,806.00
Tetraselmis_experiment/data-raw/flowcam-summaries-jun08/5v-1-3_summary,5,v,1,3,386,2017-06-08  17:52:08,702.36
Tetraselmis_experiment/data-raw/flowcam-summaries-jun08/summary_export_10c-1-2_copy,10,c,1,2,523,2017-06-08  17:11:44,1064.59
Tetraselmis_experiment/data-raw/flowcam-summaries-jun08/summary_export_10c-1-3_copy,10,c,1,3,740,2017-06-08  17:14:01,1285.76
Tetraselmis_experiment/data-raw/flowcam-summaries-jun08/summary_export_10c-1-4_copy,10,c,1,4,337,2017-06-08  17:17:14,921.45
Tetraselmis_experiment/data-raw/flowcam-summaries-jun08/summary_export_10v-1-1_copy,10,v,1,1,575,2017-06-08  17:19:48,925.25
Tetraselmis_experiment/data-raw/flowcam-summaries-jun08/summary_export_10v-1-2_copy,10,v,1,2,237,2017-06-08  17:22:15,1247.20
Tetraselmis_experiment/data-raw/flowcam-summaries-jun08/summary_export_10v-1-3_copy,10,v,1,3,808,2017-06-08  17:24:25,1017.52
Tetraselmis_experiment/data-raw/flowcam-summaries-jun08/summary_export_10v-1-4_copy,10,v,1,4,465,2017-06-08  17:26:26,1039.33
Tetraselmis_experiment/data-raw/flowcam-summaries-jun08/summary_export_16c-1-3_copy,16,c,1,3,951,2017-06-08  17:00:52,1368.02
Tetraselmis_experiment/data-raw/flowcam-summaries-jun08/summary_export_16c-1-4_copy,16,c,1,4,1284,2017-06-08  17:02:58,1366.32
Tetraselmis_experiment/data-raw/flowcam-summaries-jun08/summary_export_20c-1-2_copy,20,c,1,2,988,2017-06-08  16:48:25,1256.19
Tetraselmis_experiment/data-raw/flowcam-summaries-jun08/summary_export_20c-1-3_copy,20,c,1,3,1153,2017-06-08  16:50:23,1135.45
Tetraselmis_experiment/data-raw/flowcam-summaries-jun08/summary_export_20v-1-1_copy,20,v,1,1,1119,2017-06-08  16:34:02,1262.73
Tetraselmis_experiment/data-raw/flowcam-summaries-jun08/summary_export_20v-1-3_copy,20,v,1,3,934,2017-06-08  16:40:25,1162.15
Tetraselmis_experiment/data-raw/flowcam-summaries-jun08/summary_export_24c-1-3_copy,24,c,1,3,2019,2017-06-08  16:22:52,1201.69
Tetraselmis_experiment/data-raw/flowcam-summaries-jun08/summary_export_24c-1-4_copy,24,c,1,4,1314,2017-06-08  16:26:14,1396.01
Tetraselmis_experiment/data-raw/flowcam-summaries-jun08/summary_export_27v-1-1_copy,27,v,1,1,1385,2017-06-08  16:04:44,1372.10
Tetraselmis_experiment/data-raw/flowcam-summaries-jun08/summary_export_27v-1-2_copy,27,v,1,2,937,2017-06-08  16:06:57,1276.54
Tetraselmis_experiment/data-raw/flowcam-summaries-jun08/summary_export_27v-1-4_copy,27,v,1,4,937,2017-06-08  16:10:47,1264.44
Tetraselmis_experiment/data-raw/flowcam-summaries-jun08/summary_export_5c-1-1_copy,5,c,1,1,234,2017-06-08  17:36:45,798.73
Tetraselmis_experiment/data-raw/flowcam-summaries-jun08/summary_export_5c-1-2_copy,5,c,1,2,188,2017-06-08  17:39:41,1171.25
Tetraselmis_experiment/data-raw/flowcam-summaries-jun08/summary_export_5v-1-4_copy,5,v,1,4,199,2017-06-08  17:53:51,834.22
Tetraselmis_experiment/data-raw/flowcam-summaries-jun09-eve/27c-1-1_summary,27,c,1,1,26203,2017-06-09  19:54:36,1051.81
Tetraselmis_experiment/data-raw/flowcam-summaries-jun09-eve/27c-1-3_summary,27,c,1,3,26171,2017-06-09  19:58:50,990.13
Tetraselmis_experiment/data-raw/flowcam-summaries-jun09-eve/27v-1-1_summary,27,v,1,1,3303,2017-06-09  19:46:06,1153.17
Tetraselmis_experiment/data-raw/flowcam-summaries-jun09-eve/summary_export_27c-1-2_copy,27,c,1,2,25566,2017-06-09  19:56:35,1019.77
Tetraselmis_experiment/data-raw/flowcam-summaries-jun09-eve/summary_export_27c-1-4_copy,27,c,1,4,24307,2017-06-09  20:00:34,993.10
Tetraselmis_experiment/data-raw/flowcam-summaries-jun09-eve/summary_export_27v-1-2_copy,27,v,1,2,3936,2017-06-09  19:47:53,1156.49
Tetraselmis_experiment/data-raw/flowcam-summaries-jun09-eve/summary_export_27v-1-3_copy,27,v,1,3,1485,2017-06-09  19:50:07,1287.23
Tetraselmis_experiment/data-raw/flowcam-summaries-jun09-eve/summary_export_27v-1-4_copy,27,v,1,4,2314,2017-06-09  19:52:20,1212.67
Tetraselmis_experiment/data-raw/flowcam-summaries-jun09/10c-1-1_summary,10,c,1,1,1543,2017-06-09  17:10:21,1308.61
Tetraselmis_experiment/data-raw/flowcam-summaries-jun09/10c-1-2_summary,10,c,1,2,1233,2017-06-09  17:12:05,1226.39
Tetraselmis_experiment/data-raw/flowcam-summaries-jun09/10c-1-3_summary,10,c,1,3,2455,2017-06-09  17:13:50,1167.52
Tetraselmis_experiment/data-raw/flowcam-summaries-jun09/10c-1-4_summary,10,c,1,4,1381,2017-06-09  17:15:41,1285.04
Tetraselmis_experiment/data-raw/flowcam-summaries-jun09/10v-1-3_summary,10,v,1,3,1678,2017-06-09  17:22:45,1165.77
Tetraselmis_experiment/data-raw/flowcam-summaries-jun09/10v-1-4_summary,10,v,1,4,2070,2017-06-09  17:24:26,1259.87
Tetraselmis_experiment/data-raw/flowcam-summaries-jun09/16c-1-1_summary,16,c,1,1,10783,2017-06-09  16:46:16,1131.12
Tetraselmis_experiment/data-raw/flowcam-summaries-jun09/16c-1-2_summary,16,c,1,2,8958,2017-06-09  16:48:21,1154.20
Tetraselmis_experiment/data-raw/flowcam-summaries-jun09/16c-1-3_summary,16,c,1,3,9654,2017-06-09  16:50:18,1231.22
Tetraselmis_experiment/data-raw/flowcam-summaries-jun09/16c-1-4_summary,16,c,1,4,12889,2017-06-09  16:52:06,1189.88
Tetraselmis_experiment/data-raw/flowcam-summaries-jun09/20c-1-1_summary,20,c,1,1,17561,2017-06-09  16:37:52,1096.36
Tetraselmis_experiment/data-raw/flowcam-summaries-jun09/20c-1-2_summary,20,c,1,2,14853,2017-06-09  16:39:44,1069.06
Tetraselmis_experiment/data-raw/flowcam-summaries-jun09/20c-1-3_summary,20,c,1,3,17264,2017-06-09  16:41:45,1104.15
Tetraselmis_experiment/data-raw/flowcam-summaries-jun09/20c-1-4_summary,20,c,1,4,17948,2017-06-09  16:43:48,1105.61
Tetraselmis_experiment/data-raw/flowcam-summaries-jun09/20v-1-1_summary,20,v,1,1,17265,2017-06-09  17:01:59,1149.05
Tetraselmis_experiment/data-raw/flowcam-summaries-jun09/20v-1-2_summary,20,v,1,2,16951,2017-06-09  17:03:50,1145.71
Tetraselmis_experiment/data-raw/flowcam-summaries-jun09/20v-1-3_summary,20,v,1,3,16457,2017-06-09  17:05:48,1123.48
Tetraselmis_experiment/data-raw/flowcam-summaries-jun09/20v-1-4_summary,20,v,1,4,14257,2017-06-09  17:07:35,1143.65
Tetraselmis_experiment/data-raw/flowcam-summaries-jun09/24c-1-1_summary,24,c,1,1,20975,2017-06-09  16:29:19,1028.70
Tetraselmis_experiment/data-raw/flowcam-summaries-jun09/24c-1-3_summary,24,c,1,3,22145,2017-06-09  16:33:45,1001.44
Tetraselmis_experiment/data-raw/flowcam-summaries-jun09/24c-1-4_summary,24,c,1,4,22504,2017-06-09  16:35:44,1032.07
Tetraselmis_experiment/data-raw/flowcam-summaries-jun09/5v-1-1_summary,5,v,1,1,910,2017-06-09  17:42:07,1228.63
Tetraselmis_experiment/data-raw/flowcam-summaries-jun09/5v-1-3_summary,5,v,1,3,632,2017-06-09  17:45:47,937.05
Tetraselmis_experiment/data-raw/flowcam-summaries-jun09/summary_export_10v-1-1_copy,10,v,1,1,1491,2017-06-09  17:17:37,1416.69
Tetraselmis_experiment/data-raw/flowcam-summaries-jun09/summary_export_10v-1-2_copy,10,v,1,2,1659,2017-06-09  17:20:00,1234.08
Tetraselmis_experiment/data-raw/flowcam-summaries-jun09/summary_export_24c-1-2_copy,24,c,1,2,21419,2017-06-09  16:31:15,1071.07
Tetraselmis_experiment/data-raw/flowcam-summaries-jun09/summary_export_27c-1-1_copy,27,c,1,1,12214,2017-06-09  11:42:42,1092.07
Tetraselmis_experiment/data-raw/flowcam-summaries-jun09/summary_export_27c-1-2_copy,27,c,1,2,17171,2017-06-09  11:45:45,1067.15
Tetraselmis_experiment/data-raw/flowcam-summaries-jun09/summary_export_27c-1-3_copy,27,c,1,3,14081,2017-06-09  11:48:01,1105.77
Tetraselmis_experiment/data-raw/flowcam-summaries-jun09/summary_export_27c-1-4_copy,27,c,1,4,11207,2017-06-09  11:50:18,1051.11
Tetraselmis_experiment/data-raw/flowcam-summaries-jun09/summary_export_27v-1-1_copy,27,v,1,1,8821,2017-06-09  11:54:30,1230.75
Tetraselmis_experiment/data-raw/flowcam-summaries-jun09/summary_export_27v-1-2_copy,27,v,1,2,8170,2017-06-09  11:56:49,1265.23
Tetraselmis_experiment/data-raw/flowcam-summaries-jun09/summary_export_27v-1-3_copy,27,v,1,3,6966,2017-06-09  11:58:59,1235.15
Tetraselmis_experiment/data-raw/flowcam-summaries-jun09/summary_export_27v-1-4_copy,27,v,1,4,3469,2017-06-09  12:01:19,1242.57
Tetraselmis_experiment/data-raw/flowcam-summaries-jun09/summary_export_5c-1-1_copy,5,c,1,1,583,2017-06-09  17:33:41,1129.46
Tetraselmis_experiment/data-raw/flowcam-summaries-jun09/summary_export_5c-1-2_copy,5,c,1,2,447,2017-06-09  17:35:54,1357.18
Tetraselmis_experiment/data-raw/flowcam-summaries-jun09/summary_export_5c-1-3_copy,5,c,1,3,428,2017-06-09  17:37:52,1109.90
Tetraselmis_experiment/data-raw/flowcam-summaries-jun09/summary_export_5c-1-4_copy,5,c,1,4,733,2017-06-09  17:40:01,1249.66
Tetraselmis_experiment/data-raw/flowcam-summaries-jun09/summary_export_5v-1-2_copy,5,v,1,2,394,2017-06-09  17:43:45,1299.08
Tetraselmis_experiment/data-raw/flowcam-summaries-jun09/summary_export_5v-1-4_copy,5,v,1,4,850,2017-06-09  17:47:49,1279.76
Tetraselmis_experiment/data-raw/flowcam-summaries-jun10-eve/20c-2-1_summary,20,c,2,1,26183,2017-06-10  20:47:18,992.47
Tetraselmis_experiment/data-raw/flowcam-summaries-jun10-eve/20c-2-2_summary,20,c,2,2,22943,2017-06-10  20:48:57,971.08
Tetraselmis_experiment/data-raw/flowcam-summaries-jun10-eve/20c-2-3_summary,20,c,2,3,24911,2017-06-10  20:51:26,1003.93
Tetraselmis_experiment/data-raw/flowcam-summaries-jun10-eve/20c-2-3-r2_summary,20,c,2,3,23919,2017-06-10  20:53:01,978.95
Tetraselmis_experiment/data-raw/flowcam-summaries-jun10-eve/20c-2-4_summary,20,c,2,4,27406,2017-06-10  20:54:51,958.74
Tetraselmis_experiment/data-raw/flowcam-summaries-jun10-eve/20v-2-2_summary,20,v,2,2,24194,2017-06-10  20:41:19,963.08
Tetraselmis_experiment/data-raw/flowcam-summaries-jun10-eve/20v-2-3_summary,20,v,2,3,24436,2017-06-10  20:43:16,961.91
Tetraselmis_experiment/data-raw/flowcam-summaries-jun10-eve/20v-2-4_summary,20,v,2,4,24198,2017-06-10  20:45:10,967.62
Tetraselmis_experiment/data-raw/flowcam-summaries-jun10-eve/27c-2-1_summary,27,c,2,1,24568,2017-06-10  20:06:01,879.58
Tetraselmis_experiment/data-raw/flowcam-summaries-jun10-eve/27c-2-2_summary,27,c,2,2,19997,2017-06-10  20:07:51,810.07
Tetraselmis_experiment/data-raw/flowcam-summaries-jun10-eve/27c-2-3_summary,27,c,2,3,22174,2017-06-10  20:09:57,746.85
Tetraselmis_experiment/data-raw/flowcam-summaries-jun10-eve/27c-2-4_summary,27,c,2,4,20405,2017-06-10  20:11:47,798.69
Tetraselmis_experiment/data-raw/flowcam-summaries-jun10-eve/27v-1-1_summary,27,v,1,1,10537,2017-06-10  19:50:17,1089.81
Tetraselmis_experiment/data-raw/flowcam-summaries-jun10-eve/27v-1-2_summary,27,v,1,2,11187,2017-06-10  19:52:02,1059.07
Tetraselmis_experiment/data-raw/flowcam-summaries-jun10-eve/27v-1-3_summary,27,v,1,3,11065,2017-06-10  19:53:46,956.90
Tetraselmis_experiment/data-raw/flowcam-summaries-jun10-eve/27v-1-4_summary,27,v,1,4,6021,2017-06-10  19:55:35,945.54
Tetraselmis_experiment/data-raw/flowcam-summaries-jun10-eve/27v-2-1_summary,27,v,2,1,6954,2017-06-10  19:57:31,1028.50
Tetraselmis_experiment/data-raw/flowcam-summaries-jun10-eve/27v-2-4_summary,27,v,2,4,10512,2017-06-10  20:03:59,1066.62
Tetraselmis_experiment/data-raw/flowcam-summaries-jun10-eve/summary_export_20v-2-1_copy,20,v,2,1,26000,2017-06-10  20:38:53,1012.79
Tetraselmis_experiment/data-raw/flowcam-summaries-jun10-eve/summary_export_27v-2-2_copy,27,v,2,2,9117,2017-06-10  19:59:17,1077.01
Tetraselmis_experiment/data-raw/flowcam-summaries-jun10-eve/summary_export_27v-2-3_copy,27,v,2,3,11986,2017-06-10  20:01:39,1019.61
Tetraselmis_experiment/data-raw/flowcam-summaries-jun10/10c-2-4_summary,10,c,2,4,7739,2017-06-10  18:09:23,1383.29
Tetraselmis_experiment/data-raw/flowcam-summaries-jun10/10v-2-3_summary,10,v,2,3,12654,2017-06-10  18:28:23,1245.80
Tetraselmis_experiment/data-raw/flowcam-summaries-jun10/16c-2-1_summary,16,c,2,1,21409,2017-06-10  17:32:20,1098.26
Tetraselmis_experiment/data-raw/flowcam-summaries-jun10/16c-2-2_summary,16,c,2,2,20162,2017-06-10  17:34:05,1058.17
Tetraselmis_experiment/data-raw/flowcam-summaries-jun10/16c-2-3_summary,16,c,2,3,17598,2017-06-10  17:35:52,1086.90
Tetraselmis_experiment/data-raw/flowcam-summaries-jun10/16c-2-4_summary,16,c,2,4,20405,2017-06-10  17:37:44,1034.47
Tetraselmis_experiment/data-raw/flowcam-summaries-jun10/20c-2-1_summary,20,c,2,1,24506,2017-06-10  17:24:25,988.96
Tetraselmis_experiment/data-raw/flowcam-summaries-jun10/20c-2-2_summary,20,c,2,2,22557,2017-06-10  17:26:18,975.73
Tetraselmis_experiment/data-raw/flowcam-summaries-jun10/20c-2-3_summary,20,c,2,3,25777,2017-06-10  17:28:19,976.19
Tetraselmis_experiment/data-raw/flowcam-summaries-jun10/20c-2-4_summary,20,c,2,4,28457,2017-06-10  17:30:13,975.33
Tetraselmis_experiment/data-raw/flowcam-summaries-jun10/20v-2-1_summary,20,v,2,1,22460,2017-06-10  17:45:19,1040.50
Tetraselmis_experiment/data-raw/flowcam-summaries-jun10/20v-2-3_summary,20,v,2,3,23290,2017-06-10  17:49:37,950.11
Tetraselmis_experiment/data-raw/flowcam-summaries-jun10/20v-2-4_summary,20,v,2,4,19582,2017-06-10  17:51:33,1008.55
Tetraselmis_experiment/data-raw/flowcam-summaries-jun10/24c-2-1_summary,24,c,2,1,25037,2017-06-10  17:13:13,894.46
Tetraselmis_experiment/data-raw/flowcam-summaries-jun10/24c-2-2_summary,24,c,2,2,25797,2017-06-10  17:15:03,871.69
Tetraselmis_experiment/data-raw/flowcam-summaries-jun10/24c-2-3_summary,24,c,2,3,25458,2017-06-10  17:16:53,856.25
Tetraselmis_experiment/data-raw/flowcam-summaries-jun10/24c-2-4_summary,24,c,2,4,24173,2017-06-10  17:22:20,857.20
Tetraselmis_experiment/data-raw/flowcam-summaries-jun10/27c-1-1_summary,27,c,1,1,22964,2017-06-10  11:31:13,924.38
Tetraselmis_experiment/data-raw/flowcam-summaries-jun10/27c-1-2_summary,27,c,1,2,24671,2017-06-10  11:33:06,904.73
Tetraselmis_experiment/data-raw/flowcam-summaries-jun10/27c-1-3_summary,27,c,1,3,25611,2017-06-10  11:35:09,883.84
Tetraselmis_experiment/data-raw/flowcam-summaries-jun10/27c-1-4_summary,27,c,1,4,27297,2017-06-10  11:37:03,836.03
Tetraselmis_experiment/data-raw/flowcam-summaries-jun10/27c-2-2_summary,27,c,2,2,18001,2017-06-10  11:42:05,849.21
Tetraselmis_experiment/data-raw/flowcam-summaries-jun10/27c-2-3_summary,27,c,2,3,16869,2017-06-10  11:43:46,843.59
Tetraselmis_experiment/data-raw/flowcam-summaries-jun10/27c-2-4_summary,27,c,2,4,21844,2017-06-10  11:45:32,827.65
Tetraselmis_experiment/data-raw/flowcam-summaries-jun10/27v-1-1_summary,27,v,1,1,15268,2017-06-10  11:55:14,1099.24
Tetraselmis_experiment/data-raw/flowcam-summaries-jun10/27v-1-1-r2_summary,27,v,1,1,14761,2017-06-10  12:09:00,1106.65
Tetraselmis_experiment/data-raw/flowcam-summaries-jun10/27v-1-2_summary,27,v,1,2,18850,2017-06-10  11:57:02,1186.45
Tetraselmis_experiment/data-raw/flowcam-summaries-jun10/27v-1-2-r2_summary,27,v,1,2,15155,2017-06-10  12:07:09,1123.94
Tetraselmis_experiment/data-raw/flowcam-summaries-jun10/27v-1-3_summary,27,v,1,3,13677,2017-06-10  11:58:45,1136.95
Tetraselmis_experiment/data-raw/flowcam-summaries-jun10/27v-1-3-r2_summary,27,v,1,3,13742,2017-06-10  12:04:40,1099.51
Tetraselmis_experiment/data-raw/flowcam-summaries-jun10/27v-1-4_summary,27,v,1,4,8797,2017-06-10  12:00:44,1091.94
Tetraselmis_experiment/data-raw/flowcam-summaries-jun10/27v-1-4-r2_summary,27,v,1,4,9222,2017-06-10  12:02:43,1117.71
Tetraselmis_experiment/data-raw/flowcam-summaries-jun10/27v-2-2_summary,27,v,2,2,18349,2017-06-10  11:49:50,1158.81
Tetraselmis_experiment/data-raw/flowcam-summaries-jun10/27v-2-3_summary,27,v,2,3,14031,2017-06-10  11:51:34,1115.61
Tetraselmis_experiment/data-raw/flowcam-summaries-jun10/27v-2-4_summary,27,v,2,4,17309,2017-06-10  11:53:19,1167.78
Tetraselmis_experiment/data-raw/flowcam-summaries-jun10/5c-2-2_summary,5,c,2,2,1011,2017-06-10  18:13:40,1103.14
Tetraselmis_experiment/data-raw/flowcam-summaries-jun10/5v-2-3_summary,5,v,2,3,1097,2017-06-10  17:57:57,1146.65
Tetraselmis_experiment/data-raw/flowcam-summaries-jun10/summary_export_10c-2-1_copy,10,c,2,1,7632,2017-06-10  18:02:28,1293.44
Tetraselmis_experiment/data-raw/flowcam-summaries-jun10/summary_export_10c-2-2_copy,10,c,2,2,8920,2017-06-10  18:04:48,1321.37
Tetraselmis_experiment/data-raw/flowcam-summaries-jun10/summary_export_10c-2-3_copy,10,c,2,3,3354,2017-06-10  18:07:00,1362.42
Tetraselmis_experiment/data-raw/flowcam-summaries-jun10/summary_export_10v-2-1_copy,10,v,2,1,3030,2017-06-10  18:23:45,1326.26
Tetraselmis_experiment/data-raw/flowcam-summaries-jun10/summary_export_10v-2-2_copy,10,v,2,2,9518,2017-06-10  18:25:57,1316.42
Tetraselmis_experiment/data-raw/flowcam-summaries-jun10/summary_export_10v-2-4_copy,10,v,2,4,9766,2017-06-10  18:30:21,1302.98
Tetraselmis_experiment/data-raw/flowcam-summaries-jun10/summary_export_20v-2-2_copy,20,v,2,2,22075,2017-06-10  17:47:14,1005.39
Tetraselmis_experiment/data-raw/flowcam-summaries-jun10/summary_export_27c-2-1_copy,27,c,2,1,29340,2017-06-10  11:39:18,857.65
Tetraselmis_experiment/data-raw/flowcam-summaries-jun10/summary_export_27v-2-1_copy,27,v,2,1,14293,2017-06-10  11:47:30,1262.43
Tetraselmis_experiment/data-raw/flowcam-summaries-jun10/summary_export_5c-2-1_copy,5,c,2,1,819,2017-06-10  18:11:29,1330.48
Tetraselmis_experiment/data-raw/flowcam-summaries-jun10/summary_export_5c-2-3_copy,5,c,2,3,857,2017-06-10  18:15:33,1433.87
Tetraselmis_experiment/data-raw/flowcam-summaries-jun10/summary_export_5c-2-4_copy,5,c,2,4,873,2017-06-10  18:17:48,1382.43
Tetraselmis_experiment/data-raw/flowcam-summaries-jun10/summary_export_5v-2-1_copy,5,v,2,1,1099,2017-06-10  17:53:32,1257.36
Tetraselmis_experiment/data-raw/flowcam-summaries-jun10/summary_export_5v-2-2_copy,5,v,2,2,1460,2017-06-10  17:59:49,1330.30
Tetraselmis_experiment/data-raw/flowcam-summaries-jun10/summary_export_5v-2-4_copy,5,v,2,4,1489,2017-06-10  17:55:44,1400.79
Tetraselmis_experiment/data-raw/flowcam-summaries-jun11-eve/10v-3-2_summary,10,v,3,2,13536,2017-06-11  18:17:19,1286.94
Tetraselmis_experiment/data-raw/flowcam-summaries-jun11-eve/10v-3-3_summary,10,v,3,3,15037,2017-06-11  18:19:10,1243.97
Tetraselmis_experiment/data-raw/flowcam-summaries-jun11-eve/10v-3-4_summary,10,v,3,4,16327,2017-06-11  18:21:00,1235.62
Tetraselmis_experiment/data-raw/flowcam-summaries-jun11-eve/20v-3-1_summary,20,v,3,1,25411,2017-06-11  18:36:02,819.26
Tetraselmis_experiment/data-raw/flowcam-summaries-jun11-eve/20v-3-2_summary,20,v,3,2,26563,2017-06-11  18:37:50,901.75
Tetraselmis_experiment/data-raw/flowcam-summaries-jun11-eve/20v-3-3_summary,20,v,3,3,24028,2017-06-11  18:39:37,936.57
Tetraselmis_experiment/data-raw/flowcam-summaries-jun11-eve/20v-3-4_summary,20,v,3,4,24694,2017-06-11  18:41:24,880.61
Tetraselmis_experiment/data-raw/flowcam-summaries-jun11-eve/27c-3-1_summary,27,c,3,1,NA,2017-06-11  18:26:54,0.00
Tetraselmis_experiment/data-raw/flowcam-summaries-jun11-eve/27v-3-1_summary,27,v,3,1,16081,2017-06-11  18:27:13,926.91
Tetraselmis_experiment/data-raw/flowcam-summaries-jun11-eve/27v-3-2_summary,27,v,3,2,16385,2017-06-11  18:28:51,864.76
Tetraselmis_experiment/data-raw/flowcam-summaries-jun11-eve/27v-3-3_summary,27,v,3,3,13575,2017-06-11  18:30:35,979.41
Tetraselmis_experiment/data-raw/flowcam-summaries-jun11-eve/27v-3-4_summary,27,v,3,4,8790,2017-06-11  18:32:20,953.03
Tetraselmis_experiment/data-raw/flowcam-summaries-jun11-eve/5v-2-3_summary,5,v,2,3,1072,2017-06-11  18:08:36,1303.99
Tetraselmis_experiment/data-raw/flowcam-summaries-jun11-eve/summary_export_10v-3-1_copy,10,v,3,1,16951,2017-06-11  18:14:58,1257.79
Tetraselmis_experiment/data-raw/flowcam-summaries-jun11-eve/summary_export_5c-2-1_copy,5,c,2,1,1361,2017-06-11  17:53:54,1554.10
Tetraselmis_experiment/data-raw/flowcam-summaries-jun11-eve/summary_export_5c-2-2_copy,5,c,2,2,458,2017-06-11  17:56:01,1305.51
Tetraselmis_experiment/data-raw/flowcam-summaries-jun11-eve/summary_export_5c-2-3_copy,5,c,2,3,414,2017-06-11  17:58:13,1437.55
Tetraselmis_experiment/data-raw/flowcam-summaries-jun11-eve/summary_export_5c-2-4_copy,5,c,2,4,264,2017-06-11  18:00:18,1630.47
Tetraselmis_experiment/data-raw/flowcam-summaries-jun11-eve/summary_export_5v-2-1_copy,5,v,2,1,2701,2017-06-11  18:04:27,1270.35
Tetraselmis_experiment/data-raw/flowcam-summaries-jun11-eve/summary_export_5v-2-2_copy,5,v,2,2,1111,2017-06-11  18:06:34,1392.84
Tetraselmis_experiment/data-raw/flowcam-summaries-jun11-eve/summary_export_5v-2-4_copy,5,v,2,4,3905,2017-06-11  18:10:24,1391.60
Tetraselmis_experiment/data-raw/flowcam-summaries-jun11-morn/10c-3-3_summary,10,c,3,3,8550,2017-06-11  12:19:06,1417.33
Tetraselmis_experiment/data-raw/flowcam-summaries-jun11-morn/16c-3-2_summary,16,c,3,2,27523,2017-06-11  12:06:06,1017.12
Tetraselmis_experiment/data-raw/flowcam-summaries-jun11-morn/20c-3-2_summary,20,c,3,2,26219,2017-06-11  11:34:49,967.67
Tetraselmis_experiment/data-raw/flowcam-summaries-jun11-morn/20v-3-1_summary,20,v,3,1,31185,2017-06-11  11:01:00,908.92
Tetraselmis_experiment/data-raw/flowcam-summaries-jun11-morn/20v-3-2_summary,20,v,3,2,25658,2017-06-11  11:02:55,912.57
Tetraselmis_experiment/data-raw/flowcam-summaries-jun11-morn/20v-3-3_summary,20,v,3,3,27096,2017-06-11  11:04:49,953.52
Tetraselmis_experiment/data-raw/flowcam-summaries-jun11-morn/24c-3-1_summary,24,c,3,1,26571,2017-06-11  11:54:21,785.76
Tetraselmis_experiment/data-raw/flowcam-summaries-jun11-morn/24c-3-2_summary,24,c,3,2,27681,2017-06-11  11:56:18,804.20
Tetraselmis_experiment/data-raw/flowcam-summaries-jun11-morn/24c-3-3_summary,24,c,3,3,24987,2017-06-11  11:58:07,783.15
Tetraselmis_experiment/data-raw/flowcam-summaries-jun11-morn/24c-3-4_summary,24,c,3,4,27598,2017-06-11  12:00:01,776.24
Tetraselmis_experiment/data-raw/flowcam-summaries-jun11-morn/27c-3-2_summary,27,c,3,2,22557,2017-06-11  11:23:01,780.68
Tetraselmis_experiment/data-raw/flowcam-summaries-jun11-morn/27c-3-3_summary,27,c,3,3,17398,2017-06-11  11:24:56,739.59
Tetraselmis_experiment/data-raw/flowcam-summaries-jun11-morn/27v-2-1_summary,27,v,2,1,23168,2017-06-11  10:47:04,1040.20
Tetraselmis_experiment/data-raw/flowcam-summaries-jun11-morn/27v-2-2_summary,27,v,2,2,26313,2017-06-11  10:48:55,935.40
Tetraselmis_experiment/data-raw/flowcam-summaries-jun11-morn/27v-2-3_summary,27,v,2,3,22887,2017-06-11  10:50:40,915.56
Tetraselmis_experiment/data-raw/flowcam-summaries-jun11-morn/27v-2-4_summary,27,v,2,4,23219,2017-06-11  10:52:33,999.90
Tetraselmis_experiment/data-raw/flowcam-summaries-jun11-morn/27v-3-1_summary,27,v,3,1,19719,2017-06-11  10:38:05,953.40
Tetraselmis_experiment/data-raw/flowcam-summaries-jun11-morn/27v-3-2_summary,27,v,3,2,23717,2017-06-11  10:40:33,930.29
Tetraselmis_experiment/data-raw/flowcam-summaries-jun11-morn/27v-3-3_summary,27,v,3,3,24712,2017-06-11  10:42:21,989.45
Tetraselmis_experiment/data-raw/flowcam-summaries-jun11-morn/27v-3-4_summary,27,v,3,4,17091,2017-06-11  10:44:05,1018.85
Tetraselmis_experiment/data-raw/flowcam-summaries-jun11-morn/summary_export_10c-3-1_copy,10,c,3,1,5311,2017-06-11  12:14:25,1366.79
Tetraselmis_experiment/data-raw/flowcam-summaries-jun11-morn/summary_export_10c-3-2_copy,10,c,3,2,11108,2017-06-11  12:16:44,1377.03
Tetraselmis_experiment/data-raw/flowcam-summaries-jun11-morn/summary_export_10c-3-4_copy,10,c,3,4,7455,2017-06-11  12:20:57,1415.51
Tetraselmis_experiment/data-raw/flowcam-summaries-jun11-morn/summary_export_16c-3-1_copy,16,c,3,1,26447,2017-06-11  12:03:45,983.53
Tetraselmis_experiment/data-raw/flowcam-summaries-jun11-morn/summary_export_16c-3-3_copy,16,c,3,3,25300,2017-06-11  12:07:56,1002.93
Tetraselmis_experiment/data-raw/flowcam-summaries-jun11-morn/summary_export_16c-3-4_copy,16,c,3,4,25891,2017-06-11  12:10:11,1008.69
Tetraselmis_experiment/data-raw/flowcam-summaries-jun11-morn/summary_export_20c-3-1_copy,20,c,3,1,25261,2017-06-11  11:32:24,909.94
Tetraselmis_experiment/data-raw/flowcam-summaries-jun11-morn/summary_export_20c-3-3_copy,20,c,3,3,25973,2017-06-11  11:36:40,939.68
Tetraselmis_experiment/data-raw/flowcam-summaries-jun11-morn/summary_export_20c-3-4_copy,20,c,3,4,26082,2017-06-11  11:38:57,940.86
Tetraselmis_experiment/data-raw/flowcam-summaries-jun11-morn/summary_export_20v-3-4_copy,20,v,3,4,26506,2017-06-11  11:16:55,962.78
Tetraselmis_experiment/data-raw/flowcam-summaries-jun11-morn/summary_export_27c-3-1_copy,27,c,3,1,19671,2017-06-11  11:20:34,795.12
Tetraselmis_experiment/data-raw/flowcam-summaries-jun11-morn/summary_export_27c-3-4_copy,27,c,3,4,18126,2017-06-11  11:26:56,726.45
Tetraselmis_experiment/data-raw/flowcam-summaries-jun12-eve/10v-3-1_summary,10,v,3,1,22470,2017-06-12  20:09:34,1096.46
Tetraselmis_experiment/data-raw/flowcam-summaries-jun12-eve/10v-3-3_summary,10,v,3,3,18062,2017-06-12  20:13:52,1150.14
Tetraselmis_experiment/data-raw/flowcam-summaries-jun12-eve/10v-3-4_summary,10,v,3,4,18981,2017-06-12  20:15:46,1167.62
Tetraselmis_experiment/data-raw/flowcam-summaries-jun12-eve/20c-4-1_summary,20,c,4,1,29203,2017-06-12  19:59:11,820.17
Tetraselmis_experiment/data-raw/flowcam-summaries-jun12-eve/20c-4-2_summary,20,c,4,2,27249,2017-06-12  20:01:04,826.08
Tetraselmis_experiment/data-raw/flowcam-summaries-jun12-eve/20c-4-3_summary,20,c,4,3,25617,2017-06-12  20:02:54,842.25
Tetraselmis_experiment/data-raw/flowcam-summaries-jun12-eve/20c-4-4_summary,20,c,4,4,28974,2017-06-12  20:04:40,846.16
Tetraselmis_experiment/data-raw/flowcam-summaries-jun12-eve/20v-4-1_summary,20,v,4,1,24141,2017-06-12  19:51:05,817.09
Tetraselmis_experiment/data-raw/flowcam-summaries-jun12-eve/20v-4-2_summary,20,v,4,2,23965,2017-06-12  19:52:54,803.71
Tetraselmis_experiment/data-raw/flowcam-summaries-jun12-eve/20v-4-3_summary,20,v,4,3,24041,2017-06-12  19:54:48,794.32
Tetraselmis_experiment/data-raw/flowcam-summaries-jun12-eve/20v-4-4_summary,20,v,4,4,25713,2017-06-12  19:57:17,820.12
Tetraselmis_experiment/data-raw/flowcam-summaries-jun12-eve/summary_export_10c-3-1_copy,10,c,3,1,15645,2017-06-12  20:17:46,1273.14
Tetraselmis_experiment/data-raw/flowcam-summaries-jun12-eve/summary_export_10c-3-2_copy,10,c,3,2,19219,2017-06-12  20:20:12,1169.25
Tetraselmis_experiment/data-raw/flowcam-summaries-jun12-eve/summary_export_10c-3-3_copy,10,c,3,3,17575,2017-06-12  20:22:52,1238.02
Tetraselmis_experiment/data-raw/flowcam-summaries-jun12-eve/summary_export_10c-3-4_copy,10,c,3,4,17431,2017-06-12  20:25:08,1222.13
Tetraselmis_experiment/data-raw/flowcam-summaries-jun12-eve/summary_export_10v-3-2_copy,10,v,3,2,16432,2017-06-12  20:11:35,1171.64
Tetraselmis_experiment/data-raw/flowcam-summaries-jun12-eve/summary_export_5c-3-1_copy,5,c,3,1,1242,2017-06-12  20:34:27,1287.53
Tetraselmis_experiment/data-raw/flowcam-summaries-jun12-eve/summary_export_5c-3-2_copy,5,c,3,2,1347,2017-06-12  20:36:36,1337.00
Tetraselmis_experiment/data-raw/flowcam-summaries-jun12-eve/summary_export_5c-3-3_copy,5,c,3,3,445,2017-06-12  20:38:48,1368.78
Tetraselmis_experiment/data-raw/flowcam-summaries-jun12-eve/summary_export_5c-3-4_copy,5,c,3,4,1007,2017-06-12  20:41:00,1311.76
Tetraselmis_experiment/data-raw/flowcam-summaries-jun12-eve/summary_export_5v-3-1_copy,5,v,3,1,5603,2017-06-12  20:43:23,1390.35
Tetraselmis_experiment/data-raw/flowcam-summaries-jun12-eve/summary_export_5v-3-2_copy,5,v,3,2,646,2017-06-12  20:45:40,1492.55
Tetraselmis_experiment/data-raw/flowcam-summaries-jun12-eve/summary_export_5v-3-3_copy,5,v,3,3,1501,2017-06-12  20:47:48,1578.59
Tetraselmis_experiment/data-raw/flowcam-summaries-jun12-eve/summary_export_5v-3-4_copy,5,v,3,4,1606,2017-06-12  20:50:12,1442.39
Tetraselmis_experiment/data-raw/flowcam-summaries-jun12-morn/16c-4-1_summary,16,c,4,1,26339,2017-06-12  12:00:50,972.04
Tetraselmis_experiment/data-raw/flowcam-summaries-jun12-morn/16c-4-2_summary,16,c,4,2,26452,2017-06-12  12:02:29,932.14
Tetraselmis_experiment/data-raw/flowcam-summaries-jun12-morn/16c-4-3_summary,16,c,4,3,24689,2017-06-12  12:04:21,980.69
Tetraselmis_experiment/data-raw/flowcam-summaries-jun12-morn/16c-4-4_summary,16,c,4,4,24070,2017-06-12  12:06:08,984.45
Tetraselmis_experiment/data-raw/flowcam-summaries-jun12-morn/24c-4-1_summary,24,c,4,1,25959,2017-06-12  11:52:57,708.14
Tetraselmis_experiment/data-raw/flowcam-summaries-jun12-morn/24c-4-2_summary,24,c,4,2,20242,2017-06-12  11:54:40,700.62
Tetraselmis_experiment/data-raw/flowcam-summaries-jun12-morn/24c-4-3_summary,24,c,4,3,23742,2017-06-12  11:56:30,694.71
Tetraselmis_experiment/data-raw/flowcam-summaries-jun12-morn/24c-4-4_summary,24,c,4,4,26769,2017-06-12  11:58:53,726.67
Tetraselmis_experiment/data-raw/flowcam-summaries-jun12-morn/27c-4-1_summary,27,c,4,1,12875,2017-06-12  11:42:32,564.74
Tetraselmis_experiment/data-raw/flowcam-summaries-jun12-morn/27c-4-2_summary,27,c,4,2,22296,2017-06-12  11:44:24,667.21
Tetraselmis_experiment/data-raw/flowcam-summaries-jun12-morn/27c-4-3_summary,27,c,4,3,15085,2017-06-12  11:46:16,692.35
Tetraselmis_experiment/data-raw/flowcam-summaries-jun12-morn/27c-4-4_summary,27,c,4,4,10782,2017-06-12  11:48:05,575.00
Tetraselmis_experiment/data-raw/flowcam-summaries-jun12-morn/27v-4-1_summary,27,v,4,1,21790,2017-06-12  11:34:42,888.68
Tetraselmis_experiment/data-raw/flowcam-summaries-jun12-morn/27v-4-3_summary,27,v,4,3,18483,2017-06-12  11:38:46,873.52
Tetraselmis_experiment/data-raw/flowcam-summaries-jun12-morn/27v-4-4_summary,27,v,4,4,15372,2017-06-12  11:40:33,996.17
Tetraselmis_experiment/data-raw/flowcam-summaries-jun12-morn/summary_export_27v-4-2_copy,27,v,4,2,16192,2017-06-12  11:36:31,950.43
Tetraselmis_experiment/data-raw/flowcam-summaries-jun13-eve/10c-3-2_summary,10,c,3,2,31444,2017-06-13  18:35:51,1129.87
Tetraselmis_experiment/data-raw/flowcam-summaries-jun13-eve/10v-3-3_summary,10,v,3,3,28896,2017-06-13  18:49:58,1126.51
Tetraselmis_experiment/data-raw/flowcam-summaries-jun13-eve/10v-3-4_summary,10,v,3,4,25081,2017-06-13  18:51:53,1090.13
Tetraselmis_experiment/data-raw/flowcam-summaries-jun13-eve/10v-4-4_summary,10,v,4,4,27229,2017-06-13  19:00:52,1092.98
Tetraselmis_experiment/data-raw/flowcam-summaries-jun13-eve/summary_export_10c-3-1_copy,10,c,3,1,24828,2017-06-13  18:33:39,1237.37
Tetraselmis_experiment/data-raw/flowcam-summaries-jun13-eve/summary_export_10c-3-3_copy,10,c,3,3,29310,2017-06-13  18:37:38,1184.07
Tetraselmis_experiment/data-raw/flowcam-summaries-jun13-eve/summary_export_10c-3-4_copy,10,c,3,4,24709,2017-06-13  18:39:58,1213.24
Tetraselmis_experiment/data-raw/flowcam-summaries-jun13-eve/summary_export_10c-4-1_copy,10,c,4,1,33719,2017-06-13  18:13:22,1171.77
Tetraselmis_experiment/data-raw/flowcam-summaries-jun13-eve/summary_export_10c-4-2_copy,10,c,4,2,31988,2017-06-13  18:15:48,1175.51
Tetraselmis_experiment/data-raw/flowcam-summaries-jun13-eve/summary_export_10c-4-3_copy,10,c,4,3,28725,2017-06-13  18:18:10,1153.33
Tetraselmis_experiment/data-raw/flowcam-summaries-jun13-eve/summary_export_10c-4-4_copy,10,c,4,4,27027,2017-06-13  18:21:05,1201.25
Tetraselmis_experiment/data-raw/flowcam-summaries-jun13-eve/summary_export_10v-3-1_copy,10,v,3,1,31164,2017-06-13  18:45:09,1168.92
Tetraselmis_experiment/data-raw/flowcam-summaries-jun13-eve/summary_export_10v-3-2_copy,10,v,3,2,30881,2017-06-13  18:47:27,1195.57
Tetraselmis_experiment/data-raw/flowcam-summaries-jun13-eve/summary_export_10v-4-1_copy,10,v,4,1,26405,2017-06-13  18:53:59,1191.92
Tetraselmis_experiment/data-raw/flowcam-summaries-jun13-eve/summary_export_10v-4-2_copy,10,v,4,2,21586,2017-06-13  18:56:13,1229.20
Tetraselmis_experiment/data-raw/flowcam-summaries-jun13-eve/summary_export_10v-4-3_copy,10,v,4,3,22470,2017-06-13  18:58:33,1194.60
Tetraselmis_experiment/data-raw/flowcam-summaries-jun13-eve/summary_export_5c-2-1_copy,5,c,2,1,3448,2017-06-13  19:02:56,1688.40
Tetraselmis_experiment/data-raw/flowcam-summaries-jun13-eve/summary_export_5c-2-2_copy,5,c,2,2,2319,2017-06-13  19:05:03,1587.64
Tetraselmis_experiment/data-raw/flowcam-summaries-jun13-eve/summary_export_5c-2-3_copy,5,c,2,3,2323,2017-06-13  19:07:18,1631.71
Tetraselmis_experiment/data-raw/flowcam-summaries-jun13-eve/summary_export_5c-2-4_copy,5,c,2,4,3053,2017-06-13  19:09:29,1721.95
Tetraselmis_experiment/data-raw/flowcam-summaries-jun13-eve/summary_export_5c-3-1_copy,5,c,3,1,1903,2017-06-13  18:23:44,1454.62
Tetraselmis_experiment/data-raw/flowcam-summaries-jun13-eve/summary_export_5c-3-2_copy,5,c,3,2,1993,2017-06-13  18:25:55,1373.80
Tetraselmis_experiment/data-raw/flowcam-summaries-jun13-eve/summary_export_5c-3-3_copy,5,c,3,3,2542,2017-06-13  18:28:47,1711.92
Tetraselmis_experiment/data-raw/flowcam-summaries-jun13-eve/summary_export_5c-3-4_copy,5,c,3,4,4646,2017-06-13  18:31:14,1528.66
Tetraselmis_experiment/data-raw/flowcam-summaries-jun13-eve/summary_export_5v-3-1_copy,5,v,3,1,8508,2017-06-13  19:14:25,1429.70
Tetraselmis_experiment/data-raw/flowcam-summaries-jun13-eve/summary_export_5v-3-2_copy,5,v,3,2,4118,2017-06-13  19:16:39,1562.47
Tetraselmis_experiment/data-raw/flowcam-summaries-jun13-eve/summary_export_5v-3-3_copy,5,v,3,3,1975,2017-06-13  19:19:42,1600.81
Tetraselmis_experiment/data-raw/flowcam-summaries-jun13-eve/summary_export_5v-3-4_copy,5,v,3,4,5694,2017-06-13  19:21:52,1447.68
Tetraselmis_experiment/data-raw/flowcam-summaries-jun13-eve/summary_export_5v-4-1_copy,5,v,4,1,2942,2017-06-13  19:24:18,1550.48
Tetraselmis_experiment/data-raw/flowcam-summaries-jun13-eve/summary_export_5v-4-2_copy,5,v,4,2,5732,2017-06-13  19:26:29,1476.65
Tetraselmis_experiment/data-raw/flowcam-summaries-jun13-eve/summary_export_5v-4-3_copy,5,v,4,3,5630,2017-06-13  19:28:39,1399.92
Tetraselmis_experiment/data-raw/flowcam-summaries-jun13-eve/summary_export_5v-4-4_copy,5,v,4,4,10984,2017-06-13  19:30:53,1495.84
Tetraselmis_experiment/data-raw/flowcam-summaries-jun14-eve/10c-4-1_summary,10,c,4,1,25106,2017-06-14  19:50:56,1065.10
Tetraselmis_experiment/data-raw/flowcam-summaries-jun14-eve/10c-4-2_summary,10,c,4,2,32735,2017-06-14  19:52:47,1086.01
Tetraselmis_experiment/data-raw/flowcam-summaries-jun14-eve/10c-4-3_summary,10,c,4,3,31955,2017-06-14  19:54:55,1085.62
Tetraselmis_experiment/data-raw/flowcam-summaries-jun14-eve/10c-4-4_summary,10,c,4,4,24674,2017-06-14  19:56:49,1137.71
Tetraselmis_experiment/data-raw/flowcam-summaries-jun14-eve/10v-4-3_summary,10,v,4,3,25978,2017-06-14  20:15:57,1148.21
Tetraselmis_experiment/data-raw/flowcam-summaries-jun14-eve/10v-4-4_summary,10,v,4,4,26152,2017-06-14  20:17:53,1048.14
Tetraselmis_experiment/data-raw/flowcam-summaries-jun14-eve/20v-4-1_summary,20,v,4,1,25686,2017-06-14  20:01:23,816.37
Tetraselmis_experiment/data-raw/flowcam-summaries-jun14-eve/20v-4-2_summary,20,v,4,2,27627,2017-06-14  20:03:10,815.26
Tetraselmis_experiment/data-raw/flowcam-summaries-jun14-eve/20v-4-3_summary,20,v,4,3,28303,2017-06-14  20:04:55,841.51
Tetraselmis_experiment/data-raw/flowcam-summaries-jun14-eve/20v-4-4_summary,20,v,4,4,25684,2017-06-14  20:06:39,821.33
Tetraselmis_experiment/data-raw/flowcam-summaries-jun14-eve/27v-5-1_summary,27,v,5,1,3900,2017-06-14  20:31:34,709.40
Tetraselmis_experiment/data-raw/flowcam-summaries-jun14-eve/27v-5-2_summary,27,v,5,2,5712,2017-06-14  20:33:17,696.57
Tetraselmis_experiment/data-raw/flowcam-summaries-jun14-eve/27v-5-3_summary,27,v,5,3,4143,2017-06-14  20:35:06,714.00
Tetraselmis_experiment/data-raw/flowcam-summaries-jun14-eve/27v-5-4_summary,27,v,5,4,7618,2017-06-14  20:37:00,824.40
Tetraselmis_experiment/data-raw/flowcam-summaries-jun14-eve/5c-4-3_summary,5,c,4,3,6128,2017-06-14  19:47:00,1376.36
Tetraselmis_experiment/data-raw/flowcam-summaries-jun14-eve/5c-4-4_summary,5,c,4,4,10616,2017-06-14  19:48:54,1559.07
Tetraselmis_experiment/data-raw/flowcam-summaries-jun14-eve/5v-4-3_summary,5,v,4,3,8803,2017-06-14  20:24:48,1315.33
Tetraselmis_experiment/data-raw/flowcam-summaries-jun14-eve/summary_export_10v-4-1_copy,10,v,4,1,28773,2017-06-14  20:10:57,1070.02
Tetraselmis_experiment/data-raw/flowcam-summaries-jun14-eve/summary_export_10v-4-2_copy,10,v,4,2,25083,2017-06-14  20:13:17,1136.90
Tetraselmis_experiment/data-raw/flowcam-summaries-jun14-eve/summary_export_5c-4-1_copy,5,c,4,1,12214,2017-06-14  19:41:52,1449.76
Tetraselmis_experiment/data-raw/flowcam-summaries-jun14-eve/summary_export_5c-4-2_copy,5,c,4,2,9055,2017-06-14  19:44:26,1525.98
Tetraselmis_experiment/data-raw/flowcam-summaries-jun14-eve/summary_export_5v-4-1_copy,5,v,4,1,7748,2017-06-14  20:19:56,1368.03
Tetraselmis_experiment/data-raw/flowcam-summaries-jun14-eve/summary_export_5v-4-2_copy,5,v,4,2,11178,2017-06-14  20:22:18,1408.89
Tetraselmis_experiment/data-raw/flowcam-summaries-jun14-eve/summary_export_5v-4-4_copy,5,v,4,4,14717,2017-06-14  20:26:38,1271.28
Tetraselmis_experiment/data-raw/flowcam-summaries-jun14-morn/16c-4-1_summary,16,c,4,1,28337,2017-06-14  11:54:06,874.59
Tetraselmis_experiment/data-raw/flowcam-summaries-jun14-morn/16c-4-2_summary,16,c,4,2,32425,2017-06-14  11:56:04,847.70
Tetraselmis_experiment/data-raw/flowcam-summaries-jun14-morn/16c-4-3_summary,16,c,4,3,36879,2017-06-14  11:58:03,893.27
Tetraselmis_experiment/data-raw/flowcam-summaries-jun14-morn/16c-4-4_summary,16,c,4,4,33639,2017-06-14  12:00:04,915.62
Tetraselmis_experiment/data-raw/flowcam-summaries-jun14-morn/16c-4-4-r2_summary,16,c,4,4,31719,2017-06-14  12:02:20,891.51
Tetraselmis_experiment/data-raw/flowcam-summaries-jun14-morn/16c-5-1_summary,16,c,5,1,36585,2017-06-14  12:04:28,912.47
Tetraselmis_experiment/data-raw/flowcam-summaries-jun14-morn/16c-5-2_summary,16,c,5,2,32829,2017-06-14  12:06:29,845.29
Tetraselmis_experiment/data-raw/flowcam-summaries-jun14-morn/16c-5-3_summary,16,c,5,3,28831,2017-06-14  12:08:31,872.12
Tetraselmis_experiment/data-raw/flowcam-summaries-jun14-morn/16c-5-4_summary,16,c,5,4,31371,2017-06-14  12:10:33,902.18
Tetraselmis_experiment/data-raw/flowcam-summaries-jun14-morn/20c-4-1_summary,20,c,4,1,32590,2017-06-14  12:24:09,804.34
Tetraselmis_experiment/data-raw/flowcam-summaries-jun14-morn/20c-4-2_summary,20,c,4,2,32036,2017-06-14  12:26:11,757.70
Tetraselmis_experiment/data-raw/flowcam-summaries-jun14-morn/20c-4-3_summary,20,c,4,3,32332,2017-06-14  12:28:00,777.49
Tetraselmis_experiment/data-raw/flowcam-summaries-jun14-morn/20c-4-4_summary,20,c,4,4,33436,2017-06-14  12:29:49,787.00
Tetraselmis_experiment/data-raw/flowcam-summaries-jun14-morn/20c-5-1_summary,20,c,5,1,29806,2017-06-14  12:15:38,766.05
Tetraselmis_experiment/data-raw/flowcam-summaries-jun14-morn/20c-5-2_summary,20,c,5,2,32613,2017-06-14  12:17:35,766.31
Tetraselmis_experiment/data-raw/flowcam-summaries-jun14-morn/20c-5-3_summary,20,c,5,3,29420,2017-06-14  12:19:32,750.09
Tetraselmis_experiment/data-raw/flowcam-summaries-jun14-morn/20c-5-4_summary,20,c,5,4,40028,2017-06-14  12:21:46,800.67
Tetraselmis_experiment/data-raw/flowcam-summaries-jun14-morn/24c-4-2_summary,24,c,4,2,20050,2017-06-14  11:44:22,628.23
Tetraselmis_experiment/data-raw/flowcam-summaries-jun14-morn/24c-4-3_summary,24,c,4,3,17587,2017-06-14  11:46:28,670.96
Tetraselmis_experiment/data-raw/flowcam-summaries-jun14-morn/24c-4-4_summary,24,c,4,4,20201,2017-06-14  11:48:29,643.94
Tetraselmis_experiment/data-raw/flowcam-summaries-jun14-morn/24c-5-1_summary,24,c,5,1,17776,2017-06-14  11:33:34,630.89
Tetraselmis_experiment/data-raw/flowcam-summaries-jun14-morn/24c-5-2_summary,24,c,5,2,17944,2017-06-14  11:35:39,609.29
Tetraselmis_experiment/data-raw/flowcam-summaries-jun14-morn/24c-5-3_summary,24,c,5,3,22973,2017-06-14  11:37:31,638.00
Tetraselmis_experiment/data-raw/flowcam-summaries-jun14-morn/24c-5-4_summary,24,c,5,4,23864,2017-06-14  11:39:28,621.13
Tetraselmis_experiment/data-raw/flowcam-summaries-jun14-morn/27c-4-1_summary,27,c,4,1,4489,2017-06-14  12:33:40,424.58
Tetraselmis_experiment/data-raw/flowcam-summaries-jun14-morn/27c-4-2_summary,27,c,4,2,13263,2017-06-14  12:35:32,606.47
Tetraselmis_experiment/data-raw/flowcam-summaries-jun14-morn/27c-4-3_summary,27,c,4,3,8011,2017-06-14  12:37:19,558.72
Tetraselmis_experiment/data-raw/flowcam-summaries-jun14-morn/27c-4-4_summary,27,c,4,4,3867,2017-06-14  12:39:14,444.44
Tetraselmis_experiment/data-raw/flowcam-summaries-jun14-morn/27c-5-1_summary,27,c,5,1,11400,2017-06-14  11:24:27,595.97
Tetraselmis_experiment/data-raw/flowcam-summaries-jun14-morn/27c-5-2_summary,27,c,5,2,10622,2017-06-14  11:26:15,611.24
Tetraselmis_experiment/data-raw/flowcam-summaries-jun14-morn/27c-5-3_summary,27,c,5,3,7124,2017-06-14  11:28:05,506.40
Tetraselmis_experiment/data-raw/flowcam-summaries-jun14-morn/27c-5-4_summary,27,c,5,4,13045,2017-06-14  11:29:37,473.11
Tetraselmis_experiment/data-raw/flowcam-summaries-jun14-morn/summary_export_24c-4-1_copy,24,c,4,1,21598,2017-06-14  11:41:48,632.84
Tetraselmis_experiment/data-raw/flowcam-summaries-jun15-eve/10c-5-1_summary,10,c,5,1,23868,2017-06-15  19:36:19,1039.03
Tetraselmis_experiment/data-raw/flowcam-summaries-jun15-eve/10c-5-2_summary,10,c,5,2,23579,2017-06-15  19:38:17,1028.28
Tetraselmis_experiment/data-raw/flowcam-summaries-jun15-eve/10c-5-3_summary,10,c,5,3,20670,2017-06-15  19:40:08,1077.49
Tetraselmis_experiment/data-raw/flowcam-summaries-jun15-eve/10c-5-4_summary,10,c,5,4,19736,2017-06-15  19:42:04,1030.47
Tetraselmis_experiment/data-raw/flowcam-summaries-jun15-eve/10v-5-1_summary,10,v,5,1,19407,2017-06-15  19:47:27,1023.69
Tetraselmis_experiment/data-raw/flowcam-summaries-jun15-eve/10v-5-2_summary,10,v,5,2,21918,2017-06-15  19:49:27,998.70
Tetraselmis_experiment/data-raw/flowcam-summaries-jun15-eve/10v-5-3_summary,10,v,5,3,22148,2017-06-15  19:51:22,1120.52
Tetraselmis_experiment/data-raw/flowcam-summaries-jun15-eve/10v-5-4_summary,10,v,5,4,23991,2017-06-15  19:53:19,964.98
Tetraselmis_experiment/data-raw/flowcam-summaries-jun15-eve/5c-4-1_summary,5,c,4,1,12299,2017-06-15  19:26:07,1212.54
Tetraselmis_experiment/data-raw/flowcam-summaries-jun15-eve/5c-4-3_summary,5,c,4,3,6400,2017-06-15  19:32:22,1539.47
Tetraselmis_experiment/data-raw/flowcam-summaries-jun15-eve/5c-4-4_summary,5,c,4,4,11308,2017-06-15  19:34:15,1309.03
Tetraselmis_experiment/data-raw/flowcam-summaries-jun15-eve/5v-4-1_summary,5,v,4,1,12627,2017-06-15  19:55:24,1112.50
Tetraselmis_experiment/data-raw/flowcam-summaries-jun15-eve/5v-4-2_summary,5,v,4,2,10459,2017-06-15  19:57:14,1092.87
Tetraselmis_experiment/data-raw/flowcam-summaries-jun15-eve/5v-4-3_summary,5,v,4,3,7984,2017-06-15  19:59:04,1323.85
Tetraselmis_experiment/data-raw/flowcam-summaries-jun15-eve/5v-4-4_summary,5,v,4,4,15943,2017-06-15  20:00:59,1189.42
Tetraselmis_experiment/data-raw/flowcam-summaries-jun15-eve/summary_export_5c-4-2_copy,5,c,4,2,13788,2017-06-15  19:28:16,1277.66
Tetraselmis_experiment/data-raw/flowcam-summaries-jun16-eve/5c-3-2_summary,5,c,3,2,14051,2017-06-16  17:52:10,1030.59
Tetraselmis_experiment/data-raw/flowcam-summaries-jun16-eve/5v-3-1_summary,5,v,3,1,16626,2017-06-16  17:41:49,975.09
Tetraselmis_experiment/data-raw/flowcam-summaries-jun16-eve/5v-3-4_summary,5,v,3,4,11295,2017-06-16  17:48:00,1032.12
Tetraselmis_experiment/data-raw/flowcam-summaries-jun16-eve/5v-5-1_summary,5,v,5,1,16078,2017-06-16  17:32:30,958.29
Tetraselmis_experiment/data-raw/flowcam-summaries-jun16-eve/5v-5-2_summary,5,v,5,2,18008,2017-06-16  17:34:24,1027.39
Tetraselmis_experiment/data-raw/flowcam-summaries-jun16-eve/5v-5-3_summary,5,v,5,3,15967,2017-06-16  17:36:13,1046.45
Tetraselmis_experiment/data-raw/flowcam-summaries-jun16-eve/5v-5-4_summary,5,v,5,4,8909,2017-06-16  17:37:59,1035.96
Tetraselmis_experiment/data-raw/flowcam-summaries-jun16-eve/summary_export_5c-3-1_copy,5,c,3,1,5048,2017-06-16  17:49:52,1072.75
Tetraselmis_experiment/data-raw/flowcam-summaries-jun16-eve/summary_export_5c-3-3_copy,5,c,3,3,4433,2017-06-16  17:53:55,1003.19
Tetraselmis_experiment/data-raw/flowcam-summaries-jun16-eve/summary_export_5c-3-4_copy,5,c,3,4,8183,2017-06-16  17:56:11,1101.42
Tetraselmis_experiment/data-raw/flowcam-summaries-jun16-eve/summary_export_5c-5-1_copy,5,c,5,1,8197,2017-06-16  17:19:29,1079.83
Tetraselmis_experiment/data-raw/flowcam-summaries-jun16-eve/summary_export_5c-5-2_copy,5,c,5,2,4910,2017-06-16  17:22:24,1089.79
Tetraselmis_experiment/data-raw/flowcam-summaries-jun16-eve/summary_export_5c-5-3_copy,5,c,5,3,7154,2017-06-16  17:24:51,1078.32
Tetraselmis_experiment/data-raw/flowcam-summaries-jun16-eve/summary_export_5c-5-4_copy,5,c,5,4,7344,2017-06-16  17:27:26,1060.59
Tetraselmis_experiment/data-raw/flowcam-summaries-jun16-eve/summary_export_5v-3-2_copy,5,v,3,2,6830,2017-06-16  17:43:31,1072.47
Tetraselmis_experiment/data-raw/flowcam-summaries-jun16-eve/summary_export_5v-3-3_copy,5,v,3,3,3805,2017-06-16  17:45:49,1102.49
